"Status","Start Time","Stop Time","Duration in ms","Parent Suite","Suite","Sub Suite","Test Class","Test Method","Name","Description"
"passed","Sun Jul 12 01:00:50 CST 2020","Sun Jul 12 01:00:50 CST 2020","0","testing","test_calc","TestCalc","","","test_div[第2组]",""
"passed","Sun Jul 12 01:00:50 CST 2020","Sun Jul 12 01:00:50 CST 2020","0","testing","test_fixture_param","","","","test_case[userb]",""
"passed","Sun Jul 12 01:00:50 CST 2020","Sun Jul 12 01:00:50 CST 2020","0","testing","test_calc","TestCalc","","","test_div[第4组]",""
"passed","Sun Jul 12 01:00:50 CST 2020","Sun Jul 12 01:00:50 CST 2020","0","testing","test_calc","TestCalc","","","test_dec[第5组]",""
"passed","Sun Jul 12 01:00:50 CST 2020","Sun Jul 12 01:00:50 CST 2020","0","testing","test_calc","TestCalc","","","test_dec[第4组]",""
"passed","Sun Jul 12 01:00:50 CST 2020","Sun Jul 12 01:00:50 CST 2020","0","testing","test_calc","TestCalc","","","test_mul[第1组]",""
"passed","Sun Jul 12 01:00:50 CST 2020","Sun Jul 12 01:00:50 CST 2020","1","testing","test_calc","TestCalc","","","test_dec[第2组]",""
"passed","Sun Jul 12 01:00:50 CST 2020","Sun Jul 12 01:00:50 CST 2020","0","testing","test_calc","TestCalc","","","test_add[第2组]",""
"passed","Sun Jul 12 01:00:50 CST 2020","Sun Jul 12 01:00:50 CST 2020","0","testing","test_calc","TestCalc","","","test_mul[第5组]",""
"passed","Sun Jul 12 01:00:50 CST 2020","Sun Jul 12 01:00:50 CST 2020","0","testing","test_calc","TestCalc","","","test_div[第5组]",""
"passed","Sun Jul 12 01:00:50 CST 2020","Sun Jul 12 01:00:50 CST 2020","0","testing","test_fixture_param","","","","test_case[usera]",""
"passed","Sun Jul 12 01:00:50 CST 2020","Sun Jul 12 01:00:50 CST 2020","0","testing","test_calc","TestCalc","","","test_add[第5组]",""
"passed","Sun Jul 12 01:00:50 CST 2020","Sun Jul 12 01:00:50 CST 2020","0","testing","test_calc","TestCalc","","","test_add[第1组]",""
"passed","Sun Jul 12 01:00:50 CST 2020","Sun Jul 12 01:00:50 CST 2020","1","testing","test_calc","TestCalc","","","test_mul[第2组]",""
"passed","Sun Jul 12 01:00:50 CST 2020","Sun Jul 12 01:00:50 CST 2020","0","testing","test_fixture_param","","","","test_case[userc]",""
"passed","Sun Jul 12 01:00:50 CST 2020","Sun Jul 12 01:00:50 CST 2020","0","testing","test_calc","TestCalc","","","test_div[第3组]",""
"passed","Sun Jul 12 01:00:50 CST 2020","Sun Jul 12 01:00:50 CST 2020","0","testing","test_calc","TestCalc","","","test_dec[第1组]",""
"passed","Sun Jul 12 01:00:50 CST 2020","Sun Jul 12 01:00:50 CST 2020","1","testing","test_calc","TestCalc","","","test_div[第1组]",""
"failed","Sun Jul 12 01:00:50 CST 2020","Sun Jul 12 01:00:50 CST 2020","0","testing","test_calc","TestCalc","","","test_mul[第3组]",""
"passed","Sun Jul 12 01:00:50 CST 2020","Sun Jul 12 01:00:50 CST 2020","0","testing","test_calc","TestCalc","","","test_add[第3组]",""
"passed","Sun Jul 12 01:00:50 CST 2020","Sun Jul 12 01:00:50 CST 2020","0","testing","test_calc","TestCalc","","","test_add[第4组]",""
"passed","Sun Jul 12 01:00:50 CST 2020","Sun Jul 12 01:00:50 CST 2020","0","testing","test_calc","TestCalc","","","test_dec[第3组]",""
"passed","Sun Jul 12 01:00:50 CST 2020","Sun Jul 12 01:00:50 CST 2020","0","testing","test_calc","TestCalc","","","test_mul[第4组]",""
